{
  "name":"testappjs.favoritecases.tibcolabs.client.context.PRIVATE",
  "content":{
    "json":"{\"maxSize\":-1,\"caseRefs\":[\"205451\",\"205501\"],\"uniqueKey\":\"caseReference\"}"
  },
  "type":"PRIVATE",
  "description":"",
  "sandboxId":"31",
  "scope":"",
  "attributes":[

  ],
  "roles":[

  ],
  "links":[

  ],
  "id":"5571",
  "createdById":"265",
  "createdByName":"Guest SEG",
  "createdDate":1546512720061,
  "modifiedById":"265",
  "modifiedByName":"Guest SEG",
  "modifiedDate":1550498699896,
  "isOrphaned":false,
  "isAbandoned":false
}
