{
  "subscriptionId": "16",
  "firstName": "John",
  "lastName": "Smith",
  "username": "username@domain.com",
  "email": "username@domain.com",
  "status": [],
  "sandboxes": [
    {
      "id": "85",
      "type": "Developer",
      "groups": [
        {
          "id": "1926",
          "type": "SubscriptionDefined"
        },
        {
          "id": "3465",
          "type": "SubscriptionDefined"
        },
        {
          "id": "3980",
          "type": "SubscriptionDefined"
        },
        {
          "id": "2831",
          "type": "SubscriptionDefined"
        },
        {
          "id": "1825",
          "type": "SubscriptionDefined"
        },
        {
          "id": "1701",
          "type": "SubscriptionDefined"
        },
        {
          "id": "3628",
          "type": "SubscriptionDefined"
        },
        {
          "id": "3629",
          "type": "SubscriptionDefined"
        },
        {
          "id": "3630",
          "type": "SubscriptionDefined"
        },
        {
          "id": "1839",
          "type": "SubscriptionDefined"
        },
        {
          "id": "3631",
          "type": "SubscriptionDefined"
        },
        {
          "id": "1840",
          "type": "SubscriptionDefined"
        },
        {
          "id": "945",
          "type": "SubscriptionDefined"
        },
        {
          "id": "3121",
          "type": "SubscriptionDefined"
        },
        {
          "id": "946",
          "type": "SubscriptionDefined"
        },
        {
          "id": "3122",
          "type": "SubscriptionDefined"
        },
        {
          "id": "3123",
          "type": "SubscriptionDefined"
        },
        {
          "id": "3124",
          "type": "SubscriptionDefined"
        },
        {
          "id": "1844",
          "type": "SubscriptionDefined"
        },
        {
          "id": "1845",
          "type": "SubscriptionDefined"
        },
        {
          "id": "3125",
          "type": "SubscriptionDefined"
        },
        {
          "id": "1846",
          "type": "SubscriptionDefined"
        },
        {
          "id": "61",
          "type": "AllUsers"
        },
        {
          "id": "62",
          "type": "Administrator"
        },
        {
          "id": "63",
          "type": "ApplicationDeveloper"
        },
        {
          "id": "64",
          "type": "UIDeveloper"
        },
        {
          "id": "65",
          "type": "SubscriptionDefined"
        },
        {
          "id": "4036",
          "type": "SubscriptionDefined"
        },
        {
          "id": "1866",
          "type": "SubscriptionDefined"
        },
        {
          "id": "1867",
          "type": "SubscriptionDefined"
        },
        {
          "id": "1872",
          "type": "SubscriptionDefined"
        },
        {
          "id": "4052",
          "type": "SubscriptionDefined"
        },
        {
          "id": "3925",
          "type": "SubscriptionDefined"
        },
        {
          "id": "1494",
          "type": "SubscriptionDefined"
        },
        {
          "id": "1495",
          "type": "SubscriptionDefined"
        },
        {
          "id": "1496",
          "type": "SubscriptionDefined"
        },
        {
          "id": "3166",
          "type": "SubscriptionDefined"
        },
        {
          "id": "3167",
          "type": "SubscriptionDefined"
        },
        {
          "id": "3168",
          "type": "SubscriptionDefined"
        },
        {
          "id": "3169",
          "type": "SubscriptionDefined"
        },
        {
          "id": "482",
          "type": "SubscriptionDefined"
        },
        {
          "id": "3170",
          "type": "SubscriptionDefined"
        },
        {
          "id": "3171",
          "type": "SubscriptionDefined"
        },
        {
          "id": "3173",
          "type": "SubscriptionDefined"
        },
        {
          "id": "3174",
          "type": "SubscriptionDefined"
        },
        {
          "id": "3175",
          "type": "SubscriptionDefined"
        },
        {
          "id": "3176",
          "type": "SubscriptionDefined"
        },
        {
          "id": "3177",
          "type": "SubscriptionDefined"
        },
        {
          "id": "873",
          "type": "SubscriptionDefined"
        },
        {
          "id": "1265",
          "type": "SubscriptionDefined"
        },
        {
          "id": "3956",
          "type": "SubscriptionDefined"
        },
        {
          "id": "3957",
          "type": "SubscriptionDefined"
        },
        {
          "id": "3959",
          "type": "SubscriptionDefined"
        },
        {
          "id": "1661",
          "type": "SubscriptionDefined"
        },
        {
          "id": "1662",
          "type": "SubscriptionDefined"
        },
        {
          "id": "511",
          "type": "SubscriptionDefined"
        }
      ]
    },
    {
      "id": "31",
      "type": "Production",
      "groups": [
        {
          "id": "65",
          "type": "SubscriptionDefined"
        },
        {
          "id": "1701",
          "type": "SubscriptionDefined"
        },
        {
          "id": "1926",
          "type": "SubscriptionDefined"
        },
        {
          "id": "3628",
          "type": "SubscriptionDefined"
        },
        {
          "id": "3630",
          "type": "SubscriptionDefined"
        },
        {
          "id": "1839",
          "type": "SubscriptionDefined"
        },
        {
          "id": "3631",
          "type": "SubscriptionDefined"
        },
        {
          "id": "1840",
          "type": "SubscriptionDefined"
        },
        {
          "id": "945",
          "type": "SubscriptionDefined"
        },
        {
          "id": "1265",
          "type": "SubscriptionDefined"
        },
        {
          "id": "946",
          "type": "SubscriptionDefined"
        },
        {
          "id": "1494",
          "type": "SubscriptionDefined"
        },
        {
          "id": "1495",
          "type": "SubscriptionDefined"
        },
        {
          "id": "61",
          "type": "AllUsers"
        },
        {
          "id": "62",
          "type": "Administrator"
        },
        {
          "id": "63",
          "type": "ApplicationDeveloper"
        }
      ]
    }
  ],
  "id": "265"
}