{
  "mockedResponses": {
    "/clientstate/v1/states?$filter=type=PRIVATE and name='testappjs.favoritecases.tibcolabs.client.context.PRIVATE'":
    [{"name":"testappjs.favoritecases.tibcolabs.client.context.PRIVATE","content":{"json":"{\"maxSize\":-1,\"caseRefs\":[\"205201\",\"205451\",\"150481\"],\"uniqueKey\":\"caseReference\"}"},"type":"PRIVATE","description":"","sandboxId":"31","scope":"","attributes":[],"roles":[],"links":[],"id":"5571","createdById":"265","createdByName":"Guest SEG","createdDate":1546512720061,"modifiedById":"265","modifiedByName":"Guest SEG","modifiedDate":1551705962030,"isOrphaned":false,"isAbandoned":false}],
    "/clientstate/v1/states?$filter=type=PRIVATE and name='testappjs.recentcases.tibcolabs.client.context.PRIVATE'":
    [{"name":"testappjs.recentcases.tibcolabs.client.context.PRIVATE","content":{"json":"{\"maxSize\":10,\"caseRefs\":[\"205451\",\"150481\",\"205201\",\"205501\",\"205301\",\"207171\",\"205271\",\"205221\"],\"uniqueKey\":\"caseReference\"}"},"type":"PRIVATE","description":"","sandboxId":"31","scope":"","attributes":[],"roles":[],"links":[],"id":"5628","createdById":"265","createdByName":"Guest SEG","createdDate":1546512076399,"modifiedById":"265","modifiedByName":"Guest SEG","modifiedDate":1551707652029,"isOrphaned":false,"isAbandoned":false}],
    "/clientstate/v1/states?$filter=type=PUBLIC and name='testappjs.1742.stateconfig.tibcolabs.client.context.PUBLIC'":
    [{"name":"testappjs.1742.stateconfig.tibcolabs.client.context.PUBLIC","content":{"json":"{\"id\":\"5603\",\"stateMap\":[{\"state\":\"Review\",\"fill\":\"rgba(19,31,73,0.31)\",\"icon\":\"webresource/orgFolders/ServiceRequest_Icons/ic-review.svg\"},{\"state\":\"Investigation\",\"fill\":\"#95A5FB\",\"icon\":\"webresource/orgFolders/ServiceRequest_Icons/ic-investigate.svg\"},{\"isCaseType\":true,\"state\":\"Service Request\",\"fill\":\"#263237\",\"icon\":\"webresource/orgFolders/ServiceRequest_Icons/ic-partner-portal.svg\"},{\"isCaseType\":false,\"state\":\"Created\",\"fill\":\"#1f8c48\",\"icon\":\"webresource/orgFolders/ServiceRequest_Icons/ic-created.svg\"},{\"isCaseType\":false,\"state\":\"Information Required\",\"fill\":\"#b481c0\",\"icon\":\"webresource/orgFolders/ServiceRequest_Icons/ic-info.svg\"},{\"isCaseType\":false,\"state\":\"Investigate\",\"fill\":\"#d8cf13\",\"icon\":\"webresource/orgFolders/ServiceRequest_Icons/ic-investigate.svg\"},{\"isCaseType\":false,\"state\":\"Responded\",\"fill\":\"#2019dc\",\"icon\":\"webresource/orgFolders/ServiceRequest_Icons/ic-respond.svg\"},{\"isCaseType\":false,\"state\":\"Canceled\",\"fill\":\"#c22e25\",\"icon\":\"webresource/orgFolders/ServiceRequest_Icons/ic-cancel.svg\"},{\"isCaseType\":false,\"state\":\"Resolved\",\"fill\":\"#34c623\",\"icon\":\"webresource/orgFolders/ServiceRequest_Icons/ic-closed.svg\"},{\"isCaseType\":true,\"state\":\"Partner Request\",\"fill\":\"#263237\",\"icon\":\"webresource/orgFolders/ServiceRequest_Icons/ic-partner-portal.svg\"},{\"isCaseType\":true,\"state\":\"Partner Portal\",\"fill\":\"#5147c4\",\"icon\":\"webresource/orgFolders/ServiceRequest_Icons/ic-partner-portal.svg\"}]}"},"type":"PUBLIC","description":null,"sandboxId":"31","scope":"","attributes":[],"roles":[],"links":[],"id":"5603","createdById":"178","createdByName":"Jeremy Smith","createdDate":1545058088002,"modifiedById":"265","modifiedByName":"Guest SEG","modifiedDate":1551464878391,"isOrphaned":false,"isAbandoned":false}],
    "/clientstate/v1/states?$filter=type=PUBLIC and name='testappjs.config.tibcolabs.client.context.PUBLIC'":
    [{"name":"testappjs.config.tibcolabs.client.context.PUBLIC","content":{"json":"{\"id\":\"5812\",\"userId\":\"265\",\"applicationId\":\"1742\",\"typeId\":\"1\",\"uiAppId\":\"testappjs\",\"caseIconsFolderId\":\"ServiceRequest_Icons\",\"caseTypeLabel\":\"Partner Request\"}"},"type":"PUBLIC","description":null,"sandboxId":"31","scope":"","attributes":[],"roles":[],"links":[],"id":"5812","createdById":"265","createdByName":"Guest SEG","createdDate":1551184420394,"modifiedById":"265","modifiedByName":"Guest SEG","modifiedDate":1551184420542,"isOrphaned":false,"isAbandoned":false}]
  }
}
